<?xml version="1.0" encoding="UTF-8" standalone="yes"?>
<addon id="repository.kodiacademy" name="[COLOR lime]DAVID REPO[/COLOR] Repo" version="1.0" provider-name="DAVID">
    <extension point="xbmc.addon.repository" name="Mi repositorio">
        <info>https://raw.githubusercontent.com/DavidZgZGTKing/repoDavid/master/Repositorio/addons.xml</info>
        <checksum>https://raw.githubusercontent.com/DavidZgZGTKing/repoDavid/master/Repositorio/addons.xml.md5</checksum>
        <datadir zip="true">https://raw.githubusercontent.com/DavidZgZGTKing/repoDavid/master/Repositorio/</datadir>
    </extension>
    <extension point="xbmc.addon.metadata">
        <summary>Primer repositorio de David</summary>
        <description></description>
        <disclaimer></disclaimer>
        <platform>all</platform>
    </extension>
</addon>
